first_names$last_names$email
Dipper$Pines$DipperPines889@gmail.com
Mable$Pines$SugarMable448@gmail.com
Stanley$Pines$StanRules388@yahoo.com
Stanford$Pines$StanfordPines59@yahoo.com
Pacifica$Northwest$PrincessNorth@gmail.com
Gideon$Gleeful$Lil-Gideon888@gmail.com
Wendy$Corduroy$WendsCorduroy@gmail.com
Jesus$Ramirez$SoosMail@gmail.com
Fiddleford$Hadron$OldMcgucket@urmail.com
Mordecai$Bluejay$Bluebird375@parkmail.com
Rigby$Racoon$Trashboat334@parkmail.com
Benson$Dunwoody$BestBoss498@parkmail.com
Mitch$Sorenstein$MuscleMan462@parkmail.com
Skips$Quippenger$SnowSkips772@parkmail.com
Pops$Maellard$PopLolli888@parkmail.com
Hi-Five$Ghost$HFG237@parkmail.com
